timestamp,temperature_f
2026-09-12T00:00,63.8
2026-09-12T01:00,63.5
2026-09-12T02:00,61.3
2026-09-12T03:00,62.0
2026-09-12T04:00,62.2
2026-09-12T05:00,61.9
2026-09-12T06:00,62.2
2026-09-12T07:00,62.2
2026-09-12T08:00,63.4
2026-09-12T09:00,67.3
2026-09-12T10:00,70.6
2026-09-12T11:00,72.8
2026-09-12T12:00,76.0
2026-09-12T13:00,76.6
2026-09-12T14:00,78.0
2026-09-12T15:00,80.1
2026-09-12T16:00,81.2
2026-09-12T17:00,81.9
2026-09-12T18:00,81.7
2026-09-12T19:00,79.4
2026-09-12T20:00,74.0
2026-09-12T21:00,73.6
2026-09-12T22:00,72.8
2026-09-12T23:00,71.7
2026-09-13T00:00,71.0
2026-09-13T01:00,70.1
2026-09-13T02:00,69.0
2026-09-13T03:00,68.8
2026-09-13T04:00,68.7
2026-09-13T05:00,67.8
2026-09-13T06:00,66.9
2026-09-13T07:00,67.2
2026-09-13T08:00,68.2
2026-09-13T09:00,70.3
2026-09-13T10:00,72.2
2026-09-13T11:00,73.9
2026-09-13T12:00,75.1
2026-09-13T13:00,76.4
2026-09-13T14:00,77.7
2026-09-13T15:00,77.1
2026-09-13T16:00,75.9
2026-09-13T17:00,73.4
2026-09-13T18:00,70.0
2026-09-13T19:00,67.8
2026-09-13T20:00,63.3
2026-09-13T21:00,60.1
2026-09-13T22:00,59.0
2026-09-13T23:00,58.6
2026-09-14T00:00,57.6
2026-09-14T01:00,56.3
2026-09-14T02:00,52.0
2026-09-14T03:00,52.3
2026-09-14T04:00,51.5
2026-09-14T05:00,50.8
2026-09-14T06:00,50.2
2026-09-14T07:00,49.6
2026-09-14T08:00,50.5
2026-09-14T09:00,55.4
2026-09-14T10:00,59.8
2026-09-14T11:00,62.2
2026-09-14T12:00,64.3
2026-09-14T13:00,65.8
2026-09-14T14:00,68.8
2026-09-14T15:00,69.1
2026-09-14T16:00,69.4
2026-09-14T17:00,69.4
2026-09-14T18:00,68.5
2026-09-14T19:00,66.5
2026-09-14T20:00,62.6
2026-09-14T21:00,61.4
2026-09-14T22:00,60.7
2026-09-14T23:00,61.0
2026-09-15T00:00,60.7
2026-09-15T01:00,59.7
2026-09-15T02:00,57.9
2026-09-15T03:00,59.6
2026-09-15T04:00,59.3
2026-09-15T05:00,58.6
2026-09-15T06:00,58.8
2026-09-15T07:00,58.6
2026-09-15T08:00,59.5
2026-09-15T09:00,61.9
2026-09-15T10:00,65.1
2026-09-15T11:00,68.5
2026-09-15T12:00,68.9
2026-09-15T13:00,70.0
2026-09-15T14:00,71.0
2026-09-15T15:00,76.0
2026-09-15T16:00,78.6
2026-09-15T17:00,78.6
2026-09-15T18:00,79.5
2026-09-15T19:00,77.2
2026-09-15T20:00,72.6
2026-09-15T21:00,71.8
2026-09-15T22:00,71.1
2026-09-15T23:00,70.2
2026-09-16T00:00,70.0
2026-09-16T01:00,69.3
2026-09-16T02:00,68.3
2026-09-16T03:00,68.9
2026-09-16T04:00,68.7
2026-09-16T05:00,68.1
2026-09-16T06:00,67.6
2026-09-16T07:00,67.6
2026-09-16T08:00,66.3
2026-09-16T09:00,68.6
2026-09-16T10:00,70.3
2026-09-16T11:00,72.0
2026-09-16T12:00,73.3
2026-09-16T13:00,73.8
2026-09-16T14:00,69.9
2026-09-16T15:00,70.5
2026-09-16T16:00,74.2
2026-09-16T17:00,73.4
2026-09-16T18:00,71.7
2026-09-16T19:00,70.0
2026-09-16T20:00,67.4
2026-09-16T21:00,66.1
2026-09-16T22:00,64.7
2026-09-16T23:00,64.7
2026-09-17T00:00,63.7
2026-09-17T01:00,63.6
2026-09-17T02:00,62.9
2026-09-17T03:00,62.2
2026-09-17T04:00,61.9
2026-09-17T05:00,61.3
2026-09-17T06:00,62.4
2026-09-17T07:00,62.4
2026-09-17T08:00,61.9
2026-09-17T09:00,63.8
2026-09-17T10:00,65.0
2026-09-17T11:00,66.7
2026-09-17T12:00,68.1
2026-09-17T13:00,69.6
2026-09-17T14:00,72.1
2026-09-17T15:00,73.0
2026-09-17T16:00,72.5
2026-09-17T17:00,71.2
2026-09-17T18:00,68.7
2026-09-17T19:00,67.4
2026-09-17T20:00,66.4
2026-09-17T21:00,66.7
2026-09-17T22:00,66.1
2026-09-17T23:00,65.7
2026-09-18T00:00,65.2
2026-09-18T01:00,64.5
2026-09-18T02:00,61.5
2026-09-18T03:00,61.5
2026-09-18T04:00,59.5
2026-09-18T05:00,58.4
2026-09-18T06:00,57.1
2026-09-18T07:00,56.2
2026-09-18T08:00,57.1
2026-09-18T09:00,60.7
2026-09-18T10:00,63.8
2026-09-18T11:00,66.7
2026-09-18T12:00,69.1
2026-09-18T13:00,70.9
2026-09-18T14:00,73.0
2026-09-18T15:00,74.0
2026-09-18T16:00,73.5
2026-09-18T17:00,73.0
2026-09-18T18:00,71.3
2026-09-18T19:00,69.1
2026-09-18T20:00,64.3
2026-09-18T21:00,62.2
2026-09-18T22:00,60.8
2026-09-18T23:00,60.2
2026-09-19T00:00,59.6
2026-09-19T01:00,59.1
2026-09-19T02:00,58.4
2026-09-19T03:00,58.4
2026-09-19T04:00,58.7
2026-09-19T05:00,58.7
2026-09-19T06:00,57.5
2026-09-19T07:00,56.8
2026-09-19T08:00,55.9
2026-09-19T09:00,57.5
2026-09-19T10:00,59.3
2026-09-19T11:00,60.9
2026-09-19T12:00,61.4
2026-09-19T13:00,63.2
2026-09-19T14:00,63.0
2026-09-19T15:00,63.0
2026-09-19T16:00,63.1
2026-09-19T17:00,64.6
2026-09-19T18:00,64.3
2026-09-19T19:00,63.9
2026-09-19T20:00,62.5
2026-09-19T21:00,62.5
2026-09-19T22:00,62.5
2026-09-19T23:00,62.4
2026-09-20T00:00,62.1
2026-09-20T01:00,61.8
2026-09-20T02:00,60.9
2026-09-20T03:00,60.9
2026-09-20T04:00,60.5
2026-09-20T05:00,60.2
2026-09-20T06:00,60.0
2026-09-20T07:00,59.6
2026-09-20T08:00,59.1
2026-09-20T09:00,59.5
2026-09-20T10:00,59.4
2026-09-20T11:00,59.5
2026-09-20T12:00,59.5
2026-09-20T13:00,60.3
2026-09-20T14:00,59.4
2026-09-20T15:00,60.8
2026-09-20T16:00,61.5
2026-09-20T17:00,62.0
2026-09-20T18:00,61.9
2026-09-20T19:00,61.3
2026-09-20T20:00,59.0
2026-09-20T21:00,59.8
2026-09-20T22:00,60.0
2026-09-20T23:00,58.6
2026-09-21T00:00,58.1
2026-09-21T01:00,57.7
2026-09-21T02:00,56.9
2026-09-21T03:00,56.5
2026-09-21T04:00,55.8
2026-09-21T05:00,55.6
2026-09-21T06:00,55.0
2026-09-21T07:00,54.6
2026-09-21T08:00,53.9
2026-09-21T09:00,55.8
2026-09-21T10:00,57.5
2026-09-21T11:00,59.2
2026-09-21T12:00,60.6
2026-09-21T13:00,61.4
2026-09-21T14:00,62.2
2026-09-21T15:00,61.3
2026-09-21T16:00,60.5
2026-09-21T17:00,59.7
2026-09-21T18:00,58.9
2026-09-21T19:00,57.7
2026-09-21T20:00,55.3
2026-09-21T21:00,54.1
2026-09-21T22:00,52.4
2026-09-21T23:00,51.4
2026-09-22T00:00,50.6
2026-09-22T01:00,50.0
2026-09-22T02:00,48.7
2026-09-22T03:00,49.1
2026-09-22T04:00,48.9
2026-09-22T05:00,49.3
2026-09-22T06:00,49.3
2026-09-22T07:00,48.9
2026-09-22T08:00,49.6
2026-09-22T09:00,51.4
2026-09-22T10:00,53.8
2026-09-22T11:00,56.6
2026-09-22T12:00,58.6
2026-09-22T13:00,62.2
2026-09-22T14:00,63.3
2026-09-22T15:00,63.9
2026-09-22T16:00,63.7
2026-09-22T17:00,63.2
2026-09-22T18:00,62.6
2026-09-22T19:00,61.3
2026-09-22T20:00,58.3
2026-09-22T21:00,57.8
2026-09-22T22:00,57.8
2026-09-22T23:00,56.9
2026-09-23T00:00,55.8
2026-09-23T01:00,53.9
2026-09-23T02:00,52.0
2026-09-23T03:00,52.1
2026-09-23T04:00,51.8
2026-09-23T05:00,51.0
2026-09-23T06:00,51.0
2026-09-23T07:00,51.3
2026-09-23T08:00,52.9
2026-09-23T09:00,55.9
2026-09-23T10:00,57.7
2026-09-23T11:00,59.4
2026-09-23T12:00,62.4
2026-09-23T13:00,64.4
2026-09-23T14:00,63.6
2026-09-23T15:00,61.3
2026-09-23T16:00,59.0
2026-09-23T17:00,58.7
2026-09-23T18:00,58.7
2026-09-23T19:00,58.6
2026-09-23T20:00,54.6
2026-09-23T21:00,55.9
2026-09-23T22:00,56.1
2026-09-23T23:00,56.3
2026-09-24T00:00,55.4
2026-09-24T01:00,55.0
2026-09-24T02:00,52.9
2026-09-24T03:00,53.1
2026-09-24T04:00,53.0
2026-09-24T05:00,53.0
2026-09-24T06:00,53.0
2026-09-24T07:00,52.6
2026-09-24T08:00,52.0
2026-09-24T09:00,55.9
2026-09-24T10:00,59.7
2026-09-24T11:00,62.4
2026-09-24T12:00,64.3
2026-09-24T13:00,65.8
2026-09-24T14:00,68.2
2026-09-24T15:00,68.3
2026-09-24T16:00,68.0
2026-09-24T17:00,67.0
2026-09-24T18:00,65.3
2026-09-24T19:00,62.0
2026-09-24T20:00,57.7
2026-09-24T21:00,56.8
2026-09-24T22:00,55.0
2026-09-24T23:00,53.2
2026-09-25T00:00,52.3
2026-09-25T01:00,52.3
2026-09-25T02:00,49.6
2026-09-25T03:00,49.3
2026-09-25T04:00,48.3
2026-09-25T05:00,48.0
2026-09-25T06:00,48.4
2026-09-25T07:00,48.1
2026-09-25T08:00,48.8
2026-09-25T09:00,52.3
2026-09-25T10:00,56.7
2026-09-25T11:00,60.6
2026-09-25T12:00,62.2
2026-09-25T13:00,63.9
2026-09-25T14:00,66.5
2026-09-25T15:00,66.8
2026-09-25T16:00,66.6
2026-09-25T17:00,65.3
2026-09-25T18:00,64.6
2026-09-25T19:00,61.7
2026-09-25T20:00,56.8
2026-09-25T21:00,55.7
2026-09-25T22:00,55.2
2026-09-25T23:00,52.9
2026-09-26T00:00,51.2
2026-09-26T01:00,50.1
2026-09-26T02:00,47.3
2026-09-26T03:00,47.8
2026-09-26T04:00,48.1
2026-09-26T05:00,48.3
2026-09-26T06:00,48.4
2026-09-26T07:00,48.3
2026-09-26T08:00,48.6
2026-09-26T09:00,52.9
2026-09-26T10:00,57.7
2026-09-26T11:00,61.5
2026-09-26T12:00,64.1
2026-09-26T13:00,66.1
2026-09-26T14:00,69.1
2026-09-26T15:00,69.9
2026-09-26T16:00,70.2
2026-09-26T17:00,69.7
2026-09-26T18:00,68.4
2026-09-26T19:00,64.4
2026-09-26T20:00,59.8
2026-09-26T21:00,58.4
2026-09-26T22:00,56.7
2026-09-26T23:00,54.8
2026-09-27T00:00,53.1
2026-09-27T01:00,51.8
2026-09-27T02:00,48.9
2026-09-27T03:00,49.4
2026-09-27T04:00,48.8
2026-09-27T05:00,48.3
2026-09-27T06:00,47.9
2026-09-27T07:00,47.7
2026-09-27T08:00,48.7
2026-09-27T09:00,53.6
2026-09-27T10:00,58.6
2026-09-27T11:00,64.0
2026-09-27T12:00,67.9
2026-09-27T13:00,70.3
2026-09-27T14:00,72.9
2026-09-27T15:00,73.1
2026-09-27T16:00,73.1
2026-09-27T17:00,72.5
2026-09-27T18:00,71.2
2026-09-27T19:00,67.6
2026-09-27T20:00,63.4
2026-09-27T21:00,62.2
2026-09-27T22:00,60.1
2026-09-27T23:00,58.3
