timestamp,temperature_f
2026-08-27T00:00,66.9
2026-08-27T01:00,66.1
2026-08-27T02:00,64.9
2026-08-27T03:00,64.8
2026-08-27T04:00,64.7
2026-08-27T05:00,64.4
2026-08-27T06:00,63.7
2026-08-27T07:00,63.0
2026-08-27T08:00,63.6
2026-08-27T09:00,67.3
2026-08-27T10:00,71.2
2026-08-27T11:00,74.6
2026-08-27T12:00,77.5
2026-08-27T13:00,79.0
2026-08-27T14:00,80.1
2026-08-27T15:00,80.9
2026-08-27T16:00,81.9
2026-08-27T17:00,81.7
2026-08-27T18:00,80.7
2026-08-27T19:00,79.0
2026-08-27T20:00,75.2
2026-08-27T21:00,72.2
2026-08-27T22:00,70.7
2026-08-27T23:00,69.1
2026-08-28T00:00,68.6
2026-08-28T01:00,66.0
2026-08-28T02:00,62.7
2026-08-28T03:00,62.2
2026-08-28T04:00,61.0
2026-08-28T05:00,59.5
2026-08-28T06:00,58.5
2026-08-28T07:00,57.4
2026-08-28T08:00,59.5
2026-08-28T09:00,64.4
2026-08-28T10:00,68.0
2026-08-28T11:00,71.1
2026-08-28T12:00,73.8
2026-08-28T13:00,75.8
2026-08-28T14:00,78.5
2026-08-28T15:00,77.1
2026-08-28T16:00,77.8
2026-08-28T17:00,77.5
2026-08-28T18:00,76.9
2026-08-28T19:00,75.1
2026-08-28T20:00,69.3
2026-08-28T21:00,68.1
2026-08-28T22:00,66.3
2026-08-28T23:00,65.1
2026-08-29T00:00,64.2
2026-08-29T01:00,64.0
2026-08-29T02:00,60.8
2026-08-29T03:00,61.0
2026-08-29T04:00,59.9
2026-08-29T05:00,59.3
2026-08-29T06:00,58.7
2026-08-29T07:00,58.3
2026-08-29T08:00,60.4
2026-08-29T09:00,65.3
2026-08-29T10:00,70.2
2026-08-29T11:00,74.5
2026-08-29T12:00,77.8
2026-08-29T13:00,79.8
2026-08-29T14:00,80.8
2026-08-29T15:00,80.2
2026-08-29T16:00,80.0
2026-08-29T17:00,79.4
2026-08-29T18:00,78.0
2026-08-29T19:00,77.6
2026-08-29T20:00,73.0
2026-08-29T21:00,71.0
2026-08-29T22:00,70.0
2026-08-29T23:00,68.5
2026-08-30T00:00,68.5
2026-08-30T01:00,67.2
2026-08-30T02:00,67.0
2026-08-30T03:00,66.9
2026-08-30T04:00,67.1
2026-08-30T05:00,66.8
2026-08-30T06:00,66.4
2026-08-30T07:00,66.3
2026-08-30T08:00,66.6
2026-08-30T09:00,67.5
2026-08-30T10:00,67.9
2026-08-30T11:00,68.2
2026-08-30T12:00,69.0
2026-08-30T13:00,69.4
2026-08-30T14:00,73.0
2026-08-30T15:00,72.7
2026-08-30T16:00,76.3
2026-08-30T17:00,77.2
2026-08-30T18:00,77.1
2026-08-30T19:00,75.0
2026-08-30T20:00,72.1
2026-08-30T21:00,71.9
2026-08-30T22:00,71.4
2026-08-30T23:00,71.4
2026-08-31T00:00,71.1
2026-08-31T01:00,71.2
2026-08-31T02:00,70.5
2026-08-31T03:00,70.7
2026-08-31T04:00,70.9
2026-08-31T05:00,70.6
2026-08-31T06:00,70.7
2026-08-31T07:00,71.0
2026-08-31T08:00,71.0
2026-08-31T09:00,74.1
2026-08-31T10:00,76.2
2026-08-31T11:00,77.2
2026-08-31T12:00,80.2
2026-08-31T13:00,78.6
2026-08-31T14:00,82.7
2026-08-31T15:00,84.4
2026-08-31T16:00,84.8
2026-08-31T17:00,82.3
2026-08-31T18:00,76.4
2026-08-31T19:00,75.9
2026-08-31T20:00,74.4
2026-08-31T21:00,75.3
2026-08-31T22:00,76.4
2026-08-31T23:00,77.0
2026-09-01T00:00,77.4
2026-09-01T01:00,77.3
2026-09-01T02:00,74.8
2026-09-01T03:00,74.5
2026-09-01T04:00,73.4
2026-09-01T05:00,72.6
2026-09-01T06:00,72.1
2026-09-01T07:00,71.2
2026-09-01T08:00,72.3
2026-09-01T09:00,76.5
2026-09-01T10:00,79.2
2026-09-01T11:00,80.2
2026-09-01T12:00,83.6
2026-09-01T13:00,85.7
2026-09-01T14:00,88.1
2026-09-01T15:00,88.0
2026-09-01T16:00,87.1
2026-09-01T17:00,86.4
2026-09-01T18:00,85.4
2026-09-01T19:00,83.6
2026-09-01T20:00,78.0
2026-09-01T21:00,76.2
2026-09-01T22:00,74.6
2026-09-01T23:00,73.4
2026-09-02T00:00,74.3
2026-09-02T01:00,74.1
2026-09-02T02:00,72.9
2026-09-02T03:00,73.9
2026-09-02T04:00,74.5
2026-09-02T05:00,74.7
2026-09-02T06:00,74.0
2026-09-02T07:00,73.3
2026-09-02T08:00,71.2
2026-09-02T09:00,76.0
2026-09-02T10:00,80.7
2026-09-02T11:00,84.7
2026-09-02T12:00,87.8
2026-09-02T13:00,88.4
2026-09-02T14:00,89.7
2026-09-02T15:00,91.8
2026-09-02T16:00,92.1
2026-09-02T17:00,91.6
2026-09-02T18:00,90.5
2026-09-02T19:00,88.3
2026-09-02T20:00,79.2
2026-09-02T21:00,79.3
2026-09-02T22:00,77.2
2026-09-02T23:00,76.1
2026-09-03T00:00,73.2
2026-09-03T01:00,72.5
2026-09-03T02:00,73.9
2026-09-03T03:00,73.0
2026-09-03T04:00,71.2
2026-09-03T05:00,70.9
2026-09-03T06:00,71.5
2026-09-03T07:00,71.5
2026-09-03T08:00,70.2
2026-09-03T09:00,74.3
2026-09-03T10:00,78.8
2026-09-03T11:00,82.4
2026-09-03T12:00,85.6
2026-09-03T13:00,88.2
2026-09-03T14:00,84.3
2026-09-03T15:00,84.7
2026-09-03T16:00,75.2
2026-09-03T17:00,74.2
2026-09-03T18:00,75.6
2026-09-03T19:00,74.8
2026-09-03T20:00,70.8
2026-09-03T21:00,70.7
2026-09-03T22:00,70.1
2026-09-03T23:00,69.5
2026-09-04T00:00,69.4
2026-09-04T01:00,69.3
2026-09-04T02:00,67.3
2026-09-04T03:00,67.8
2026-09-04T04:00,68.0
2026-09-04T05:00,68.0
2026-09-04T06:00,68.1
2026-09-04T07:00,68.1
2026-09-04T08:00,67.2
2026-09-04T09:00,68.5
2026-09-04T10:00,68.8
2026-09-04T11:00,69.5
2026-09-04T12:00,70.2
2026-09-04T13:00,71.9
2026-09-04T14:00,73.0
2026-09-04T15:00,73.2
2026-09-04T16:00,75.4
2026-09-04T17:00,76.2
2026-09-04T18:00,76.6
2026-09-04T19:00,75.8
2026-09-04T20:00,74.5
2026-09-04T21:00,73.3
2026-09-04T22:00,72.5
2026-09-04T23:00,71.6
2026-09-05T00:00,70.8
2026-09-05T01:00,70.3
2026-09-05T02:00,69.1
2026-09-05T03:00,68.2
2026-09-05T04:00,68.6
2026-09-05T05:00,68.4
2026-09-05T06:00,67.9
2026-09-05T07:00,67.1
2026-09-05T08:00,66.3
2026-09-05T09:00,67.0
2026-09-05T10:00,67.7
2026-09-05T11:00,70.0
2026-09-05T12:00,72.9
2026-09-05T13:00,75.2
2026-09-05T14:00,75.1
2026-09-05T15:00,77.5
2026-09-05T16:00,77.3
2026-09-05T17:00,76.9
2026-09-05T18:00,76.0
2026-09-05T19:00,74.1
2026-09-05T20:00,70.9
2026-09-05T21:00,69.1
2026-09-05T22:00,67.1
2026-09-05T23:00,64.6
2026-09-06T00:00,62.2
2026-09-06T01:00,60.6
2026-09-06T02:00,58.0
2026-09-06T03:00,57.7
2026-09-06T04:00,57.7
2026-09-06T05:00,57.7
2026-09-06T06:00,57.7
2026-09-06T07:00,57.9
2026-09-06T08:00,60.2
2026-09-06T09:00,64.2
2026-09-06T10:00,68.1
2026-09-06T11:00,71.2
2026-09-06T12:00,73.5
2026-09-06T13:00,74.5
2026-09-06T14:00,76.5
2026-09-06T15:00,76.6
2026-09-06T16:00,76.6
2026-09-06T17:00,75.8
2026-09-06T18:00,74.8
2026-09-06T19:00,72.7
2026-09-06T20:00,68.5
2026-09-06T21:00,67.3
2026-09-06T22:00,65.6
2026-09-06T23:00,64.1
2026-09-07T00:00,62.3
2026-09-07T01:00,60.9
2026-09-07T02:00,58.2
2026-09-07T03:00,58.0
2026-09-07T04:00,57.6
2026-09-07T05:00,57.2
2026-09-07T06:00,56.8
2026-09-07T07:00,56.7
2026-09-07T08:00,58.6
2026-09-07T09:00,64.3
2026-09-07T10:00,68.5
2026-09-07T11:00,71.4
2026-09-07T12:00,74.5
2026-09-07T13:00,76.0
2026-09-07T14:00,77.3
2026-09-07T15:00,77.9
2026-09-07T16:00,78.3
2026-09-07T17:00,78.4
2026-09-07T18:00,75.7
2026-09-07T19:00,72.0
2026-09-07T20:00,67.8
2026-09-07T21:00,66.1
2026-09-07T22:00,64.5
2026-09-07T23:00,63.6
2026-09-08T00:00,62.7
2026-09-08T01:00,62.6
2026-09-08T02:00,60.0
2026-09-08T03:00,59.7
2026-09-08T04:00,59.5
2026-09-08T05:00,59.5
2026-09-08T06:00,59.6
2026-09-08T07:00,59.5
2026-09-08T08:00,60.9
2026-09-08T09:00,65.8
2026-09-08T10:00,69.4
2026-09-08T11:00,73.9
2026-09-08T12:00,77.1
2026-09-08T13:00,79.3
2026-09-08T14:00,80.7
2026-09-08T15:00,80.7
2026-09-08T16:00,80.2
2026-09-08T17:00,79.2
2026-09-08T18:00,77.5
2026-09-08T19:00,75.7
2026-09-08T20:00,72.5
2026-09-08T21:00,72.1
2026-09-08T22:00,70.9
2026-09-08T23:00,70.8
2026-09-09T00:00,70.0
2026-09-09T01:00,69.7
2026-09-09T02:00,68.7
2026-09-09T03:00,68.5
2026-09-09T04:00,68.8
2026-09-09T05:00,68.9
2026-09-09T06:00,68.8
2026-09-09T07:00,68.5
2026-09-09T08:00,68.3
2026-09-09T09:00,70.3
2026-09-09T10:00,73.3
2026-09-09T11:00,74.9
2026-09-09T12:00,72.8
2026-09-09T13:00,71.2
2026-09-09T14:00,72.7
2026-09-09T15:00,73.3
2026-09-09T16:00,75.6
2026-09-09T17:00,75.1
2026-09-09T18:00,75.1
2026-09-09T19:00,75.1
2026-09-09T20:00,73.5
2026-09-09T21:00,72.6
2026-09-09T22:00,71.2
2026-09-09T23:00,70.1
2026-09-10T00:00,69.4
2026-09-10T01:00,69.1
2026-09-10T02:00,67.7
2026-09-10T03:00,68.2
2026-09-10T04:00,68.0
2026-09-10T05:00,68.1
2026-09-10T06:00,67.4
2026-09-10T07:00,66.5
2026-09-10T08:00,65.8
2026-09-10T09:00,68.7
2026-09-10T10:00,71.2
2026-09-10T11:00,73.3
2026-09-10T12:00,75.7
2026-09-10T13:00,77.3
2026-09-10T14:00,78.7
2026-09-10T15:00,78.7
2026-09-10T16:00,77.5
2026-09-10T17:00,75.2
2026-09-10T18:00,73.2
2026-09-10T19:00,71.2
2026-09-10T20:00,66.7
2026-09-10T21:00,65.3
2026-09-10T22:00,62.9
2026-09-10T23:00,61.6
2026-09-11T00:00,60.5
2026-09-11T01:00,60.2
2026-09-11T02:00,57.5
2026-09-11T03:00,57.3
2026-09-11T04:00,56.8
2026-09-11T05:00,56.1
2026-09-11T06:00,56.3
2026-09-11T07:00,56.4
2026-09-11T08:00,57.2
2026-09-11T09:00,62.1
2026-09-11T10:00,66.6
2026-09-11T11:00,69.6
2026-09-11T12:00,71.7
2026-09-11T13:00,73.0
2026-09-11T14:00,75.1
2026-09-11T15:00,75.7
2026-09-11T16:00,76.4
2026-09-11T17:00,76.5
2026-09-11T18:00,75.4
2026-09-11T19:00,72.0
2026-09-11T20:00,67.2
2026-09-11T21:00,66.4
2026-09-11T22:00,65.1
2026-09-11T23:00,64.4
2026-09-12T00:00,63.8
2026-09-12T01:00,63.5
2026-09-12T02:00,61.3
2026-09-12T03:00,62.0
2026-09-12T04:00,62.2
2026-09-12T05:00,61.9
2026-09-12T06:00,62.2
2026-09-12T07:00,62.2
2026-09-12T08:00,63.4
2026-09-12T09:00,67.3
2026-09-12T10:00,70.6
2026-09-12T11:00,72.8
2026-09-12T12:00,76.0
2026-09-12T13:00,76.6
2026-09-12T14:00,78.0
2026-09-12T15:00,80.1
2026-09-12T16:00,81.2
2026-09-12T17:00,81.9
2026-09-12T18:00,81.7
2026-09-12T19:00,79.4
2026-09-12T20:00,74.0
2026-09-12T21:00,73.6
2026-09-12T22:00,72.8
2026-09-12T23:00,71.7
2026-09-13T00:00,71.0
2026-09-13T01:00,70.1
2026-09-13T02:00,69.0
2026-09-13T03:00,68.8
2026-09-13T04:00,68.7
2026-09-13T05:00,67.8
2026-09-13T06:00,66.9
2026-09-13T07:00,67.2
2026-09-13T08:00,68.2
2026-09-13T09:00,70.3
2026-09-13T10:00,72.2
2026-09-13T11:00,73.9
2026-09-13T12:00,75.1
2026-09-13T13:00,76.4
2026-09-13T14:00,77.7
2026-09-13T15:00,77.1
2026-09-13T16:00,75.9
2026-09-13T17:00,73.4
2026-09-13T18:00,70.0
2026-09-13T19:00,67.8
2026-09-13T20:00,63.3
2026-09-13T21:00,60.1
2026-09-13T22:00,59.0
2026-09-13T23:00,58.6
2026-09-14T00:00,57.6
2026-09-14T01:00,56.3
2026-09-14T02:00,52.0
2026-09-14T03:00,52.3
2026-09-14T04:00,51.5
2026-09-14T05:00,50.8
2026-09-14T06:00,50.2
2026-09-14T07:00,49.6
2026-09-14T08:00,50.5
2026-09-14T09:00,55.4
2026-09-14T10:00,59.8
2026-09-14T11:00,62.2
2026-09-14T12:00,64.3
2026-09-14T13:00,65.8
2026-09-14T14:00,68.8
2026-09-14T15:00,69.1
2026-09-14T16:00,69.4
2026-09-14T17:00,69.4
2026-09-14T18:00,68.5
2026-09-14T19:00,66.5
2026-09-14T20:00,62.6
2026-09-14T21:00,61.4
2026-09-14T22:00,60.7
2026-09-14T23:00,61.0
2026-09-15T00:00,60.7
2026-09-15T01:00,59.7
2026-09-15T02:00,57.9
2026-09-15T03:00,59.6
2026-09-15T04:00,59.3
2026-09-15T05:00,58.6
2026-09-15T06:00,58.8
2026-09-15T07:00,58.6
2026-09-15T08:00,59.5
2026-09-15T09:00,61.9
2026-09-15T10:00,65.1
2026-09-15T11:00,68.5
2026-09-15T12:00,68.9
2026-09-15T13:00,70.0
2026-09-15T14:00,71.0
2026-09-15T15:00,76.0
2026-09-15T16:00,78.6
2026-09-15T17:00,78.6
2026-09-15T18:00,79.5
2026-09-15T19:00,77.2
2026-09-15T20:00,72.6
2026-09-15T21:00,71.8
2026-09-15T22:00,71.1
2026-09-15T23:00,70.2
2026-09-16T00:00,70.0
2026-09-16T01:00,69.3
2026-09-16T02:00,68.3
2026-09-16T03:00,68.9
2026-09-16T04:00,68.7
2026-09-16T05:00,68.1
2026-09-16T06:00,67.6
2026-09-16T07:00,67.6
2026-09-16T08:00,66.3
2026-09-16T09:00,68.6
2026-09-16T10:00,70.3
2026-09-16T11:00,72.0
2026-09-16T12:00,73.3
2026-09-16T13:00,73.8
2026-09-16T14:00,69.9
2026-09-16T15:00,70.5
2026-09-16T16:00,74.2
2026-09-16T17:00,73.4
2026-09-16T18:00,71.7
2026-09-16T19:00,70.0
2026-09-16T20:00,67.4
2026-09-16T21:00,66.1
2026-09-16T22:00,64.7
2026-09-16T23:00,64.7
2026-09-17T00:00,63.7
2026-09-17T01:00,63.6
2026-09-17T02:00,62.9
2026-09-17T03:00,62.2
2026-09-17T04:00,61.9
2026-09-17T05:00,61.3
2026-09-17T06:00,62.4
2026-09-17T07:00,62.4
2026-09-17T08:00,61.9
2026-09-17T09:00,63.8
2026-09-17T10:00,65.0
2026-09-17T11:00,66.7
2026-09-17T12:00,68.1
2026-09-17T13:00,69.6
2026-09-17T14:00,72.1
2026-09-17T15:00,73.0
2026-09-17T16:00,72.5
2026-09-17T17:00,71.2
2026-09-17T18:00,68.7
2026-09-17T19:00,67.4
2026-09-17T20:00,66.4
2026-09-17T21:00,66.7
2026-09-17T22:00,66.1
2026-09-17T23:00,65.7
2026-09-18T00:00,65.2
2026-09-18T01:00,64.5
2026-09-18T02:00,61.5
2026-09-18T03:00,61.5
2026-09-18T04:00,59.5
2026-09-18T05:00,58.4
2026-09-18T06:00,57.1
2026-09-18T07:00,56.2
2026-09-18T08:00,57.1
2026-09-18T09:00,60.7
2026-09-18T10:00,63.8
2026-09-18T11:00,66.7
2026-09-18T12:00,69.1
2026-09-18T13:00,70.9
2026-09-18T14:00,73.0
2026-09-18T15:00,74.0
2026-09-18T16:00,73.5
2026-09-18T17:00,73.0
2026-09-18T18:00,71.3
2026-09-18T19:00,69.1
2026-09-18T20:00,64.3
2026-09-18T21:00,62.2
2026-09-18T22:00,60.8
2026-09-18T23:00,60.2
2026-09-19T00:00,59.6
2026-09-19T01:00,59.1
2026-09-19T02:00,58.4
2026-09-19T03:00,58.4
2026-09-19T04:00,58.7
2026-09-19T05:00,58.7
2026-09-19T06:00,57.5
2026-09-19T07:00,56.8
2026-09-19T08:00,55.9
2026-09-19T09:00,57.5
2026-09-19T10:00,59.3
2026-09-19T11:00,60.9
2026-09-19T12:00,61.4
2026-09-19T13:00,63.2
2026-09-19T14:00,63.0
2026-09-19T15:00,63.0
2026-09-19T16:00,63.1
2026-09-19T17:00,64.6
2026-09-19T18:00,64.3
2026-09-19T19:00,63.9
2026-09-19T20:00,62.5
2026-09-19T21:00,62.5
2026-09-19T22:00,62.5
2026-09-19T23:00,62.4
2026-09-20T00:00,62.1
2026-09-20T01:00,61.8
2026-09-20T02:00,60.9
2026-09-20T03:00,60.9
2026-09-20T04:00,60.5
2026-09-20T05:00,60.2
2026-09-20T06:00,60.0
2026-09-20T07:00,59.6
2026-09-20T08:00,59.1
2026-09-20T09:00,59.5
2026-09-20T10:00,59.4
2026-09-20T11:00,59.5
2026-09-20T12:00,59.5
2026-09-20T13:00,60.3
2026-09-20T14:00,59.4
2026-09-20T15:00,60.8
2026-09-20T16:00,61.5
2026-09-20T17:00,62.0
2026-09-20T18:00,61.9
2026-09-20T19:00,61.3
2026-09-20T20:00,59.0
2026-09-20T21:00,59.8
2026-09-20T22:00,60.0
2026-09-20T23:00,58.6
2026-09-21T00:00,58.1
2026-09-21T01:00,57.7
2026-09-21T02:00,56.9
2026-09-21T03:00,56.5
2026-09-21T04:00,55.8
2026-09-21T05:00,55.6
2026-09-21T06:00,55.0
2026-09-21T07:00,54.6
2026-09-21T08:00,53.9
2026-09-21T09:00,55.8
2026-09-21T10:00,57.5
2026-09-21T11:00,59.2
2026-09-21T12:00,60.6
2026-09-21T13:00,61.4
2026-09-21T14:00,62.2
2026-09-21T15:00,61.3
2026-09-21T16:00,60.5
2026-09-21T17:00,59.7
2026-09-21T18:00,58.9
2026-09-21T19:00,57.7
2026-09-21T20:00,55.3
2026-09-21T21:00,54.1
2026-09-21T22:00,52.4
2026-09-21T23:00,51.4
2026-09-22T00:00,50.6
2026-09-22T01:00,50.0
2026-09-22T02:00,48.7
2026-09-22T03:00,49.1
2026-09-22T04:00,48.9
2026-09-22T05:00,49.3
2026-09-22T06:00,49.3
2026-09-22T07:00,48.9
2026-09-22T08:00,49.6
2026-09-22T09:00,51.4
2026-09-22T10:00,53.8
2026-09-22T11:00,56.6
2026-09-22T12:00,58.6
2026-09-22T13:00,62.2
2026-09-22T14:00,63.3
2026-09-22T15:00,63.9
2026-09-22T16:00,63.7
2026-09-22T17:00,63.2
2026-09-22T18:00,62.6
2026-09-22T19:00,61.3
2026-09-22T20:00,58.3
2026-09-22T21:00,57.8
2026-09-22T22:00,57.8
2026-09-22T23:00,56.9
2026-09-23T00:00,55.8
2026-09-23T01:00,53.9
2026-09-23T02:00,52.0
2026-09-23T03:00,52.1
2026-09-23T04:00,51.8
2026-09-23T05:00,51.0
2026-09-23T06:00,51.0
2026-09-23T07:00,51.3
2026-09-23T08:00,52.9
2026-09-23T09:00,55.9
2026-09-23T10:00,57.7
2026-09-23T11:00,59.4
2026-09-23T12:00,62.4
2026-09-23T13:00,64.4
2026-09-23T14:00,63.6
2026-09-23T15:00,61.3
2026-09-23T16:00,59.0
2026-09-23T17:00,58.7
2026-09-23T18:00,58.7
2026-09-23T19:00,58.6
2026-09-23T20:00,54.6
2026-09-23T21:00,55.9
2026-09-23T22:00,56.1
2026-09-23T23:00,56.3
2026-09-24T00:00,55.4
2026-09-24T01:00,55.0
2026-09-24T02:00,52.9
2026-09-24T03:00,53.1
2026-09-24T04:00,53.0
2026-09-24T05:00,53.0
2026-09-24T06:00,53.0
2026-09-24T07:00,52.6
2026-09-24T08:00,52.0
2026-09-24T09:00,55.9
2026-09-24T10:00,59.7
2026-09-24T11:00,62.4
2026-09-24T12:00,64.3
2026-09-24T13:00,65.8
2026-09-24T14:00,68.2
2026-09-24T15:00,68.3
2026-09-24T16:00,68.0
2026-09-24T17:00,67.0
2026-09-24T18:00,65.3
2026-09-24T19:00,62.0
2026-09-24T20:00,57.7
2026-09-24T21:00,56.8
2026-09-24T22:00,55.0
2026-09-24T23:00,53.2
2026-09-25T00:00,52.3
2026-09-25T01:00,52.3
2026-09-25T02:00,49.6
2026-09-25T03:00,49.3
2026-09-25T04:00,48.3
2026-09-25T05:00,48.0
2026-09-25T06:00,48.4
2026-09-25T07:00,48.1
2026-09-25T08:00,48.8
2026-09-25T09:00,52.3
2026-09-25T10:00,56.7
2026-09-25T11:00,60.6
2026-09-25T12:00,62.2
2026-09-25T13:00,63.9
2026-09-25T14:00,66.5
2026-09-25T15:00,66.8
2026-09-25T16:00,66.6
2026-09-25T17:00,65.3
2026-09-25T18:00,64.6
2026-09-25T19:00,61.7
2026-09-25T20:00,56.8
2026-09-25T21:00,55.7
2026-09-25T22:00,55.2
2026-09-25T23:00,52.9
